form	lemma	POS	morph
༄༅། །		PUNCT
འཕགས་པ་	འཕགས་པ་	VERB
ཤེས་རབ་	ཤེས་རབ་	NOUN
ཀྱི་	གི་	PART
ཕ་རོལ་	ཕ་རོལ་	NOUN
ཏུ་	ལ་	PART
ཕྱིན་པ་	ཕྱིན་པ་	VERB
འི་	གི་	PART
མན་ངག་	མན་ངག་	NOUN
ཅེས་བྱ་བ་	ཅེས་བྱ་བ་	NO_POS
བཞུགས་	བཞུགས་	VERB
སོ་	གོ་	PART
། །		PUNCT
མཛད་པ་པོ་	མཛད་པ་པོ་	VERB
།		PUNCT
བྲམ་ཟེ་	བྲམ་ཟེ་	NOUN
ཨཱརྻ་		NON_WORD
དེ་བ་	དེ་བ་	OTHER
"།
༄༅། །"		PUNCT
ཨཱརྻཔྲཛྙཱཔཱརམིཏོཔདེཤོནཱམབིཧརཏིསྨ་		NON_WORD
"། །
༄༅། །"		PUNCT
འཕགས་པ་	འཕགས་པ་	VERB
ཤེས་རབ་	ཤེས་རབ་	NOUN
ཀྱི་	གི་	PART
ཕ་རོལ་	ཕ་རོལ་	NOUN
ཏུ་	ལ་	PART
ཕྱིན་པ་	ཕྱིན་པ་	VERB
འི་	གི་	PART
མན་ངག་	མན་ངག་	NOUN
ཅེས་བྱ་བ་	ཅེས་བྱ་བ་	NO_POS
བཞུགས་	བཞུགས་	VERB
སོ་	གོ་	PART
། །		PUNCT
རྒྱ་གར་	རྒྱ་གར་	PROPN
སྐད་	སྐད་	NOUN
དུ་	ལ་	PART
།		PUNCT
ཨཱརྻཔྲཛྙཱཔཱརམིཏོཔདེཤནཱམ་		NON_WORD
།		PUNCT
བོད་སྐད་	བོད་སྐད་	PROPN
དུ་	ལ་	PART
།		PUNCT
འཕགས་པ་	འཕགས་པ་	VERB
ཤེས་རབ་	ཤེས་རབ་	NOUN
ཀྱི་	གི་	PART
ཕ་རོལ་	ཕ་རོལ་	NOUN
ཏུ་	ལ་	PART
ཕྱིན་པ་	ཕྱིན་པ་	VERB
འི་	གི་	PART
མན་ངག་	མན་ངག་	NOUN
ཅེས་བྱ་བ་	ཅེས་བྱ་བ་	NO_POS
།		PUNCT
སངས་རྒྱས་	སངས་རྒྱས་	NOUN
དང་	དང་	NO_POS
བྱང་ཆུབ་	བྱང་ཆུབ་	NOUN
སེམས་དཔའ་	སེམས་དཔའ་	NOUN
ཐམས་ཅད་	ཐམས་ཅད་	DET
ལ་	ལ་	PART
ཕྱག་	ཕྱག་	NOUN
འཚལ་	འཚལ་	VERB
ལོ་	གོ་	PART
། ། ༈		PUNCT
རྟོགས་པ་	རྟོགས་པ་	VERB
འི་	གི་	PART
ཉི་ཟླ་	ཉི་ཟླ་	NOUN
ས་	གིས་	PART
མ་རིག་	མ་རིག་	NOUN
ལོག་རྟོག་	ལོག་རྟོག་	OTHER
བཅོམ་	བཅོམ་	VERB
། །		PUNCT
ཐུགས་རྗེ་	ཐུགས་རྗེ་	NOUN
འི་	གི་	PART
རླན་	རླན་	NO_POS
གྱིས་	གིས་	PART
འགྲོ་བ་	འགྲོ་བ་	VERB
སྨིན་	སྨིན་	VERB
མཛད་པ་	མཛད་པ་	VERB
འི་	གི་	PART
༑ །		PUNCT
དོན་	དོན་	NOUN
གཉིས་	གཉིས་	NUM
མཐ་	མཐའ་	NOUN
ར་	ལ་	PART
ཕྱིན་	ཕྱིན་	VERB
སྨྲ་བ་	སྨྲ་བ་	VERB
འི་	གི་	PART
སེངྒེ་		NON_WORD
ལ་	ལ་	PART
། །		PUNCT
ལུས་	ལུས་	NOUN
དང་	དང་	NO_POS
ངག་	ངག་	NOUN
ཡིད་	ཡིད་	NOUN
དྭང་		NON_WORD
ཞིང་	ཅིང་	PART
མོས་པ་	མོས་པ་	VERB
ས་	གིས་	PART
འདུད་	འདུད་	NO_POS
། ། ༈		PUNCT
བརྗོད་བྱ་	བརྗོད་བྱ་	NOUN
འི་	གི་	PART
སྙིང་པོ་	སྙིང་པོ་	NOUN
རྩ་བ་	རྩ་བ་	NOUN
དང་	དང་	NO_POS
བྲལ་བ་	བྲལ་བ་	VERB
། །		PUNCT
གཉིས་	གཉིས་	NUM
མེད་	མེད་	VERB
ཤེས་རབ་	ཤེས་རབ་	NOUN
ཕ་རོལ་	ཕ་རོལ་	NOUN
ཕྱིན་པ་	ཕྱིན་པ་	VERB
འི་	གི་	PART
དོན་	དོན་	NOUN
། །		PUNCT
རྟག་ཆད་	རྟག་ཆད་	NOUN
ལ་སོགས་	ལ་སོགས་	NO_POS
དམིགས་པ་	དམིགས་པ་	VERB
འི་	གི་	PART
མཐའ་གྲོལ་བ་	མཐའ་གྲོལ་བ་	NO_POS
། །		PUNCT
ཅི་	ཅི་	NO_POS
ནུས་པ་	ནུས་པ་	VERB
ར་	ལ་	PART
ནི་	ནི་	NO_POS
འགྲོ་	འགྲོ་	VERB
ལ་	ལ་	PART
ཕན་	ཕན་	NOUN
ཕྱི་	ཕྱི་	OTHER
བཤད་	བཤད་	VERB
། ། ༈		PUNCT
བཅའ་	བཅའ་	VERB
གཞི་	གཞི་	NOUN
གསུམ་	གསུམ་	NUM
གྱིས་	གིས་	PART
བཀའ་	བཀའ་	NOUN
ཡི་	གི་	PART
ཐོག་	ཐོག་	NOUN
ཏུ་	ལ་	PART
བཞག་	བཞག་	VERB
། ༈		PUNCT
བཅོ་	བཅོ་	NUM
ས་	གིས་	PART
བསླད་	བསླད་	NO_POS
མེད་པ་	མེད་པ་	VERB
ར་	ལ་	PART
རིག་པ་	རིག་པ་	VERB
ངོས་བཟུང་	ངོས་བཟུང་	NOUN
ངོ་	གོ་	PART
། །		PUNCT
འཁོར་འདས་	འཁོར་འདས་	NOUN
གཉིས་	གཉིས་	NUM
ཀྱི་	གི་	PART
རྩ་བ་	རྩ་བ་	NOUN
ར་	ལ་	PART
གྱུར་པ་	གྱུར་པ་	VERB
འི་	གི་	PART
སེམས་	སེམས་	NOUN
༑ །		PUNCT
དེ་	སྟེ་	PART
ལ་	ལ་	PART
རྒྱུ་རྐྱེན་	རྒྱུ་རྐྱེན་	OTHER
གང་ཡང་	གང་ཡང་	NO_POS
མ་	མ་	PART
གྲུབ་བོ་	གྲུབ་བོ་	VERB
། །		PUNCT
སྐྱེ་	སྐྱེ་	NOUN
མེད་	མེད་	VERB
གཅིག་	གཅིག་	NUM
ཆོད་	ཆོད་	VERB
རང་བཞིན་	རང་བཞིན་	NOUN
སྟོང་པ་ཉིད་	སྟོང་པ་ཉིད་	NOUN
། ། ༈		PUNCT
དེ་ལྟ་	དེ་ལྟ་	NO_POS
རྟོགས་	རྟོགས་	VERB
ན་	ལ་	PART
སྡོང་པོ་	སྡོང་པོ་	NOUN
རྩད་	རྩད་	NOUN
བཅད་	བཅད་	VERB
བཞིན་	བཞིན་	NOUN
། །		PUNCT
རྟོག་པ་	རྟོག་པ་	VERB
འི་	གི་	PART
ཡལ་ག་	ཡལ་ག་	NOUN
ནམ་ཡང་	ནམ་ཡང་	OTHER
སྐྱེ་	སྐྱེ་	NOUN
མི་	མི་	PART
འགྱུར་	འགྱུར་	VERB
། ། ༈		PUNCT
དངོ་	དངོ་	NOUN
དང་	དང་	NO_POS
དངོས་མེད་	དངོས་མེད་	NOUN
བློ་	བློ་	NOUN
ལ་	ལ་	PART
སྣང་བ་	སྣང་བ་	VERB
ཡི་	གི་	PART
། །		PUNCT
རྒྱ་	རྒྱ་	NOUN
ཆེན་	ཆེན་	NO_POS
མཆོད་པ་	མཆོད་པ་	VERB
ས་	གིས་	PART
བླ་མ་	བླ་མ་	NOUN
དཀོན་མཆོག་	དཀོན་མཆོག་	NOUN
མཆོད་	མཆོད་	VERB
། །		PUNCT
ཕྱག་	ཕྱག་	NOUN
དང་	དང་	NO_POS
མཆོད་པ་	མཆོད་པ་	VERB
ཕུལ་	ཕུལ་	VERB
ན་	ནས་	PART
ནི་	ནི་	NO_POS
། ། ༈		PUNCT
གུས་པ་	གུས་པ་	VERB
ས་	གིས་	PART
སྐྱབས་འགྲོ་	སྐྱབས་འགྲོ་	OTHER
སེམས་བསྐྱེད་	སེམས་བསྐྱེད་	NOUN
བླང་	བླང་	NO_POS
། །		PUNCT
བླངས་པ་	བླངས་པ་	VERB
འི་	གི་	PART
བསླབ་བྱ་	བསླབ་བྱ་	VERB
མིག་	མིག་	NOUN
བཞིན་	བཞིན་	NOUN
བསྲུང་	བསྲུང་	NO_POS
། །		PUNCT
བྱང་ཆུབ་	བྱང་ཆུབ་	NOUN
སེམས་དཔ་	སེམས་དཔའ་	NOUN
འི་	གི་	PART
བསླབ་བྱ་	བསླབ་བྱ་	VERB
ནི་	ནི་	NO_POS
། །		PUNCT
སྲོག་	སྲོག་	NOUN
གི་	གི་	PART
ཕྱིར་ཡང་	ཕྱིར་ཡང་	PART
སྤང་	སྤང་	VERB
མི་	མི་	PART
བྱ་	བྱ་	VERB
། །		PUNCT
བསླབ་བྱ་	བསླབ་བྱ་	VERB
བསྲུང་	བསྲུང་	NO_POS
ལ་	ལ་	PART
བརྩོན་པ་	བརྩོན་པ་	VERB
ར་	ལ་	PART
བྱ་	བྱ་	VERB
། ། ༈		PUNCT
སྲོག་གཅོད་	སྲོག་གཅོད་	NOUN
ལ་སོགས་	ལ་སོགས་	NO_POS
མི་དགེ་	མི་དགེ་	NOUN
བཅུ་	བཅུ་	NUM
། །		PUNCT
བདག་	བདག་	PRON
སྤང་	སྤང་	VERB
གཞན་	གཞན་	DET
ཡང་	ཀྱང་	PART
དེ་	སྟེ་	PART
ལ་	ལ་	PART
བསྐུལ་	བསྐུལ་	VERB
། ། ༈		PUNCT
སྲོག་གཅོད་	སྲོག་གཅོད་	NOUN
སྤང་བ་	སྤང་བ་	VERB
དེ་དག་	དེ་དག་	OTHER
གི་	གི་	PART
།		PUNCT
མཐུན་འགྱུར་	མཐུན་འགྱུར་	ADJ
ལེགས་པ་	ལེགས་པ་	VERB
ར་	ལ་	PART
བརྗོད་པ་	བརྗོད་པ་	VERB
ར་	ལ་	PART
བྱ་	བྱ་	VERB
། ། ༈		PUNCT
མི་དགེ་	མི་དགེ་	NOUN
བཅུ་པོ་	བཅུ་པོ་	NUM
སྤངས་	སྤངས་	VERB
ཙམ་	ཙམ་	DET
གྱིས་	གིས་	PART
། །		PUNCT
ལམ་མཆོག་	ལམ་མཆོག་	OTHER
བརྙེས་པ་	བརྙེས་པ་	VERB
ར་	ལ་	PART
མི་	མི་	PART
འགྱུར་	འགྱུར་	VERB
ཏེ་	སྟེ་	PART
། ། ༈		PUNCT
ཕ་རོལ་	ཕ་རོལ་	NOUN
ཕྱིན་པ་	ཕྱིན་པ་	VERB
དྲུག་	དྲུག་	NUM
ལ་	ལ་	PART
ནི་	ནི་	NO_POS
། །		PUNCT
བདག་	བདག་	PRON
སྤྱོད་	སྤྱོད་	VERB
གཞན་	གཞན་	DET
ཡང་	ཀྱང་	PART
དེ་	སྟེ་	PART
ལ་	ལ་	PART
བསྐུལ་	བསྐུལ་	VERB
། ། ༈		PUNCT
ཕ་རོལ་	ཕ་རོལ་	NOUN
ཕྱིན་པ་	ཕྱིན་པ་	VERB
དྲུག་པོ་	དྲུག་པོ་	NUM
ཡི་	གི་	PART
༑ །		PUNCT
མཐུན་འགྱུར་	མཐུན་འགྱུར་	ADJ
ལེགས་པ་	ལེགས་པ་	VERB
ར་	ལ་	PART
བརྗོད་པ་	བརྗོད་པ་	VERB
ར་	ལ་	PART
བྱ་	བྱ་	VERB
། ། ༈		PUNCT
ཕ་རོལ་	ཕ་རོལ་	NOUN
ཕྱིན་	ཕྱིན་	VERB
དྲུག་	དྲུག་	NUM
ལ་སོགས་པ་	ལ་སོགས་པ་	NO_POS
། །		PUNCT
དགེ་བ་	དགེ་བ་	VERB
འི་	གི་	PART
ལ་	ལ་	ADP
ས་	གིས་	PART
ལ་	ལ་	PART
སྤྱད་	སྤྱད་	VERB
གྱུར་པ་	གྱུར་པ་	VERB
འི་	གི་	PART
། །		PUNCT
རློམ་སེམས་	རློམ་སེམས་	NOUN
སྐྱེས་པ་	སྐྱེས་པ་	VERB
དེ་ལས་	དེ་ལས་	NO_POS
ལྡོག་	ལྡོག་	VERB
། ༈		PUNCT
གཉིས་	གཉིས་	NUM
མེད་	མེད་	VERB
ཕ་རོལ་	ཕ་རོལ་	NOUN
ཕྱིན་པ་	ཕྱིན་པ་	VERB
འི་	གི་	PART
དོན་	དོན་	NOUN
། །		PUNCT
དགེ་སྡིག་	དགེ་སྡིག་	NOUN
བླང་དོར་	བླང་དོར་	NOUN
རེ་	རེ་	DET
དྭོགས་		NON_WORD
ཀྱི་	གི་	PART
། །		PUNCT
མཐའ་	མཐའ་	NOUN
དང་	དང་	NO_POS
བྲལ་བ་	བྲལ་བ་	VERB
ར་	ལ་	PART
མ་	མ་	PART
རྟོགས་	རྟོགས་	VERB
ན་	ལ་	PART
། །		PUNCT
འདུས་བྱས་	འདུས་བྱས་	NOUN
དགེ་བ་	དགེ་བ་	VERB
བྱ་	བྱ་	VERB
གྱུར་	གྱུར་	VERB
ཀྱང་	ཀྱང་	PART
། །		PUNCT
ཚེ་	ཚེ་	NOUN
འདི་ཉིད་	འདི་ཉིད་	OTHER
ལ་	ལ་	PART
གྲོལ་	གྲོལ་	VERB
མི་	མི་	PART
འགྱུར་	འགྱུར་	VERB
། ། ༈		PUNCT
དེས་ན་	དེས་ན་	NO_POS
འདུས་བྱས་	འདུས་བྱས་	NOUN
འདུས་མ་བྱས་	འདུས་མ་བྱས་	NO_POS
། །		PUNCT
དཀ་	དཀའ་	VERB
ར་	ལ་	PART
དང་	དང་	NO_POS
གནག་པ་	གནག་པ་	VERB
འི་	གི་	PART
ཆོ་	ཆོ་	NOUN
རྣམས་	རྣམས་	DET
ཀུན་	ཀུན་	DET
། །		PUNCT
རྡུལ་	རྡུལ་	NOUN
ཙམ་	ཙམ་	DET
དམིགས་པ་	དམིགས་པ་	VERB
ར་	ལ་	PART
མི་	མི་	PART
འགྱུར་	འགྱུར་	VERB
རོ་	རོ་	NOUN
། ། ༈		PUNCT
འོན་ཀྱང་	འོན་ཀྱང་	NO_POS
ཐབས་	ཐབས་	NOUN
ལ་མ་	ལ་མ་	NO_POS
བརྟེན་པ་	བརྟེན་པ་	VERB
འི་	གི་	PART
། །		PUNCT
ཤེས་རབ་	ཤེས་རབ་	NOUN
མངོན་དུ་	མངོན་དུ་	NO_POS
མི་	མི་	PART
འགྱུར་	འགྱུར་	VERB
རོ་	རོ་	NOUN
། །		PUNCT
སོ་ནམ་	སོ་ནམ་	NOUN
སྔོན་	སྔོན་	ADV
དུ་མ་	དུ་མ་	ADJ
སོང་བ་	སོང་བ་	VERB
འི་	གི་	PART
། །		PUNCT
ལོ་ཐོག་	ལོ་ཐོག་	NOUN
མི་	མི་	PART
འབྱུང་བ་	འབྱུང་བ་	VERB
དང་	དང་	NO_POS
མཚུངས་	མཚུངས་	VERB
། ། ༈		PUNCT
ཤེས་རབ་	ཤེས་རབ་	NOUN
ཕ་རོལ་	ཕ་རོལ་	NOUN
ཕྱིན་པ་	ཕྱིན་པ་	VERB
ཡི་	གི་	PART
། །		PUNCT
དོན་	དོན་	NOUN
ལ་	ལ་	PART
ངེས་པ་		
མ་	མ་	PART
སྤྱད་	སྤྱད་	VERB
ན་	ལ་	PART
། །		PUNCT
སྦྱིན་	སྦྱིན་	VERB
དང་	དང་	NO_POS
ཚུལ་ཁྲིམས་	ཚུལ་ཁྲིམས་	NOUN
བཟོད་པ་	བཟོད་པ་	VERB
དང་	དང་	NO_POS
། །		PUNCT
བརྩོན་འགྲུས་	བརྩོན་འགྲུས་	NOUN
བསམ་གཏན་	བསམ་གཏན་	NOUN
སྤྱད་	སྤྱད་	VERB
གྱུར་	གྱུར་	VERB
ཀྱང་	ཀྱང་	PART
། །		PUNCT
ལོང་བ་	ལོང་བ་	VERB
ས་	གིས་	PART
སྣ་	སྣ་	NOUN
དབྱུག་	དབྱུག་	NO_POS
བསྟོར་པ་	བསྟོར་པ་	NON_WORD
ཡི་	གིས་	PART
། །		PUNCT
ལམ་	གམ་	PART
རྒྱུ་	རྒྱུ་	NOUN
རྙེད་པ་	རྙེད་པ་	VERB
ར་	ལ་	PART
ག་ལ་	ག་ལ་	NO_POS
འགྱུར་	འགྱུར་	VERB
། ། ༈		PUNCT
འདི་	འདི་	DET
དཀྱུས་	དཀྱུས་	NOUN
སུ་	ལ་	PART
མེད་	མེད་	VERB
།		PUNCT
མཆན་	མཆན་	NOUN
།		PUNCT
ཤེས་རབ་	ཤེས་རབ་	NOUN
ཕ་རོལ་	ཕ་རོལ་	NOUN
ཕྱིན་པ་	ཕྱིན་པ་	VERB
འི་	གི་	PART
དོན་	དོན་	NOUN
། ། ༈		PUNCT
གཞན་	གཞན་	DET
ན་	ནས་	PART
མི་	མི་	PART
འཚོལ་	འཚོལ་	VERB
རང་	རང་	PRON
ལ་	ལ་	PART
ཡོད་	ཡོད་	VERB
། །		PUNCT
དངོ་	དངོ་	NOUN
དང་	དང་	NO_POS
མཚན་མ་	མཚན་མ་	NOUN
ར་	ལ་	PART
མ་གྲུབ་པ་	མ་གྲུབ་པ་	NO_POS
འི་	གི་	PART
། །		PUNCT
རང་བཞིན་	རང་བཞིན་	NOUN
འོད་གསལ་	འོད་གསལ་	NOUN
ཆེན་པོ་	ཆེན་པོ་	ADJ
འི་	གི་	PART
དོན་	དོན་	NOUN
། ། ༈		PUNCT
ཡིད་	ཡིད་	NOUN
ལ་	ལ་	PART
བྱེད་པ་	བྱེད་པ་	VERB
ཀུན་	ཀུན་	DET
དང་	དང་	NO_POS
བྲལ་	བྲལ་	VERB
། །		PUNCT
དྲན་རྟོག་	དྲན་རྟོག་	NO_POS
རང་བཞིན་	རང་བཞིན་	NOUN
གྱིས་	གིས་	PART
སངས་པ་	སངས་པ་	VERB
འི་	གི་	PART
། །		PUNCT
སངས་རྒྱས་	སངས་རྒྱས་	NOUN
རྗེས་སུ་	རྗེས་སུ་	OTHER
དྲན་པ་	དྲན་པ་	VERB
བསྒོམ་	བསྒོམ་	VERB
། ། ༈		PUNCT
ཕྱི་	ཕྱི་	NOUN
ནང་	ནང་	NOUN
ལྷ་འདྲེ་	ལྷ་འདྲེ་	NOUN
འཁོར་	འཁོར་	NOUN
དང་	དང་	NO_POS
འདའ་	འདའ་	VERB
༑ །		PUNCT
སྣང་	སྣང་	VERB
དང་	དང་	NO_POS
སྟོང་པ་	སྟོང་པ་	VERB
ལ་སོགས་པ་	ལ་སོགས་པ་	NO_POS
། །		PUNCT
གཉིས་	གཉིས་	NUM
སྣང་	སྣང་	VERB
བྲལ་བ་	བྲལ་བ་	VERB
སངས་རྒྱས་	སངས་རྒྱས་	NOUN
ཀྱི་	གི་	PART
། །		PUNCT
དགོངས་པ་	དགོངས་པ་	VERB
མ་	མ་	PART
ནོར་	ནོར་	NOUN
མ་བཅོས་པ་	མ་བཅོས་པ་	NO_POS
། །		PUNCT
དཔེར་ན་	དཔེར་ན་	NO_POS
ནམ་མཁ་	ནམ་མཁའ་	NOUN
འི་	གི་	PART
དབྱིངས་	དབྱིངས་	NOUN
དང་	དང་	NO_POS
མཚུངས་	མཚུངས་	VERB
༑ ། ༈		PUNCT
ཐབས་	ཐབས་	NOUN
ཀྱི་	གི་	PART
མཆོག་	མཆོག་	ADJ
ཏུ་	ལ་	PART
གྱུར་པ་	གྱུར་པ་	VERB
ནི་	ནི་	NO_POS
། །		PUNCT
དབྱིངས་	དབྱིངས་	NOUN
དང་	དང་	NO_POS
རིག་པ་	རིག་པ་	VERB
བསྲེ་བ་	བསྲེ་བ་	VERB
ར་	ལ་	PART
བྱ་	བྱ་	VERB
། ། ༈		PUNCT
དབྱིངས་	དབྱིངས་	NOUN
རིག་	རིག་	VERB
འདྲེས་པ་	འདྲེས་པ་	VERB
འི་	གི་	PART
དུས་	དུས་	NOUN
དག་	དག་	DET
ཏུ་	ལ་	PART
། །		PUNCT
དངོ་	དངོ་	NOUN
དང་	དང་	NO_POS
མཚན་མ་	མཚན་མ་	NOUN
དགག་	དགག་	VERB
བསྒྲུབ་	བསྒྲུབ་	VERB
དང་	དང་	NO_POS
། །		PUNCT
དམིགས་པ་	དམིགས་པ་	VERB
ར་	ལ་	PART
འཛིན་པ་	འཛིན་པ་	VERB
རང་	རང་	PRON
སངས་	སངས་	VERB
ཏེ་	སྟེ་	PART
། །		PUNCT
གཟུང་	གཟུང་	VERB
དང་	དང་	NO_POS
འཛིན་པ་	འཛིན་པ་	VERB
གཉིས་	གཉིས་	NUM
བྲལ་བ་	བྲལ་བ་	VERB
འི་	གི་	PART
། །		PUNCT
ཆོས་ཉིད་	ཆོས་ཉིད་	NOUN
དོན་	དོན་	NOUN
ལ་	ལ་	PART
གནས་པ་	གནས་པ་	VERB
འོ་	གོ་	PART
༑ ། ༈		PUNCT
དེ་ལྟ་	དེ་ལྟ་	NO_POS
ལུས་སེམས་	ལུས་སེམས་	NOUN
མ་བཅོས་པ་	མ་བཅོས་པ་	NO_POS
། །		PUNCT
ནམ་མཁའ་	ནམ་མཁའ་	NOUN
སྟོང་པ་	སྟོང་པ་	VERB
ས་	གིས་	PART
ག་	ག་	NOUN
ཁྱབ་པ་	ཁྱབ་པ་	VERB
། །		PUNCT
རིག་པ་	རིག་པ་	VERB
སྟོང་པ་	སྟོང་པ་	VERB
ས་	གིས་	PART
ཁྱབ་པ་	ཁྱབ་པ་	VERB
ར་	ལ་	PART
ནི་	ནི་	NO_POS
། །		PUNCT
རྒྱ་	རྒྱ་	NOUN
བསྐྱེད་	བསྐྱེད་	VERB
ཁྱབ་གདལ་	ཁྱབ་གདལ་	OTHER
ཆེན་པོ་	ཆེན་པོ་	ADJ
ར་	ལ་	PART
བཞག་	བཞག་	VERB
། ༈		PUNCT
དེ་	སྟེ་	PART
ཚེ་	ཚེ་	NOUN
རིག་པ་	རིག་པ་	VERB
གཞི་རྩ་	གཞི་རྩ་	NOUN
དང་	དང་	NO_POS
། །		PUNCT
བྲལ་བ་	བྲལ་བ་	VERB
ར་	ལ་	PART
ཉམས་	ཉམས་	NOUN
སུ་	ལ་	PART
མྱོང་བ་	མྱོང་བ་	VERB
ནི་	ནི་	NO_POS
། །		PUNCT
དབང་པོ་	དབང་པོ་	NOUN
ལྔ་	ལྔ་	NUM
དང་	དང་	NO_POS
ཕྱི་རོལ་	ཕྱི་རོལ་	NOUN
ཡུལ་	ཡུལ་	NOUN
། །		PUNCT
རིག་པ་	རིག་པ་	VERB
གང་	གང་	NO_POS
དུའང་		NON_WORD
མི་	མི་	PART
གནས་	གནས་	NOUN
སོ་	གོ་	PART
། ། ༈		PUNCT
གཡའ་	གཡའ་	NOUN
གངས་	གངས་	NOUN
དུར་ཁྲོད་	དུར་ཁྲོད་	NOUN
གཉན་ས་	གཉན་ས་	NO_POS
དང་	དང་	NO_POS
། །		PUNCT
གྲོང་	གྲོང་	NOUN
དང་	དང་	NO_POS
གྲོང་ཁྱེར་	གྲོང་ཁྱེར་	NOUN
ཆེན་པོ་	ཆེན་པོ་	ADJ
དང་	དང་	NO_POS
། །		PUNCT
ཕུག་པ་	ཕུག་པ་	VERB
དབེན་ཕུག་	དབེན་ཕུག་	NO_POS
གནས་	གནས་	NOUN
དག་	དག་	DET
ཏུ་	ལ་	PART
། །		PUNCT
གཉིས་	གཉིས་	NUM
སུ་	ལ་	PART
མེད་པ་	མེད་པ་	VERB
ར་	ལ་	PART
བསྒོམ་པ་	བསྒོམ་པ་	VERB
ར་	ལ་	PART
བྱ་	བྱ་	VERB
། ། ༈		PUNCT
བླ་མ་	བླ་མ་	NOUN
ས་	གིས་	PART
བསྟན་པ་	བསྟན་པ་	VERB
འི་	གི་	PART
སྐྱེ་	སྐྱེ་	NOUN
མེད་	མེད་	VERB
དོན་	དོན་	NOUN
། ། ༈		PUNCT
སྤྱོད་ལམ་	སྤྱོད་ལམ་	NOUN
རྣམ་	རྣམ་	NOUN
བཞི་	བཞི་	NUM
ར་	ལ་	PART
ཉམས་	ཉམས་	NOUN
སུ་	ལ་	PART
བླང་	བླང་	NO_POS
། ། ༈		PUNCT
དེ་ལྟ་	དེ་ལྟ་	NO_POS
ཉམས་	ཉམས་	NOUN
སུ་	ལ་	PART
ལེན་པ་	ལེན་པ་	VERB
ལ་	ལ་	PART
༑ །		PUNCT
ཕ་རོལ་	ཕ་རོལ་	NOUN
ཕྱིན་པ་	ཕྱིན་པ་	VERB
འི་	གི་	PART
བྱིན་རླབས་	བྱིན་རླབས་	NOUN
དང་	དང་	NO_POS
། །		PUNCT
ཆོ་	ཆོ་	NOUN
རྣམས་	རྣམས་	DET
སྟོང་པ་	སྟོང་པ་	VERB
ར་	ལ་	PART
རྟོགས་པ་	རྟོགས་པ་	VERB
དེ་	དེ་	DET
ས་	གིས་	PART
། །		PUNCT
བར་ཆད་	བར་ཆད་	NOUN
འབྱུང་བ་	འབྱུང་བ་	VERB
ར་	ལ་	PART
མི་	མི་	PART
འགྱུར་	འགྱུར་	VERB
ཏེ་	སྟེ་	PART
། །		PUNCT
སྟོང་པ་ཉིད་	སྟོང་པ་ཉིད་	NOUN
ལ་སྟོང་	ལ་སྟོང་	NO_POS
ཉིད་	ཉིད་	DET
ཀྱིས་	གིས་	PART
། །		PUNCT
གླགས་	གླགས་	VERB
རྙེད་པ་	རྙེད་པ་	VERB
ལྟ་	ལྟ་	NOUN
ག་ལ་	ག་ལ་	NO_POS
སྲིད་	སྲིད་	NOUN
། ། ༈		PUNCT
ཆོས་ཉིད་	ཆོས་ཉིད་	NOUN
སྟོང་པ་	སྟོང་པ་	VERB
འི་	གི་	PART
དོན་	དོན་	NOUN
རྟོགས་	རྟོགས་	VERB
ན་	ལ་	PART
། །		PUNCT
རྟགས་	རྟགས་	NOUN
སམ་	གམ་	PART
མཚན་མ་	མཚན་མ་	NOUN
ཕྱི་རོལ་	ཕྱི་རོལ་	NOUN
ཏུ་	ལ་	PART
། །		PUNCT
སྒོ་	སྒོ་	NOUN
ལྔ་	ལྔ་	NUM
འི་	གི་	PART
ཡུལ་	ཡུལ་	NOUN
དུ་	ལ་	PART
གཟུགས་	གཟུགས་	NOUN
དང་	དང་	NO_POS
སྒྲ་	སྒྲ་	NOUN
། །		PUNCT
དྲི་རོ་	དྲི་རོ་	NOUN
རེག་བྱ་	རེག་བྱ་	NOUN
མ་ལུས་པ་	མ་ལུས་པ་	OTHER
། །		PUNCT
སྟོང་པ་ཉིད་	སྟོང་པ་ཉིད་	NOUN
དུ་	ལ་	PART
རབ་གསལ་	རབ་གསལ་	PROPN
ཏེ་	སྟེ་	PART
། །		PUNCT
ནད་	ནད་	NOUN
དུ་	ལ་	PART
ཉོན་མོངས་	ཉོན་མོངས་	NOUN
རགས་པ་	རགས་པ་	VERB
དང་	དང་	NO_POS
། །		PUNCT
གཟུང་འཛིན་	གཟུང་འཛིན་	NOUN
ཕྲ་མོ་	ཕྲ་མོ་	ADJ
སྐྱེ་	སྐྱེ་	VERB
གྱུར་	གྱུར་	VERB
ཀྱང་	ཀྱང་	PART
། །		PUNCT
གཉིས་	གཉིས་	NUM
མེད་	མེད་	VERB
རང་གྲོལ་	རང་གྲོལ་	NOUN
རྩི་	རྩི་	NOUN
ལ་	ལ་	ADP
ས་	གིས་	PART
འདའ་	འདའ་	VERB
། ། ༈		PUNCT
དེ་ལྟ་	དེ་ལྟ་	NO_POS
རྟོགས་	རྟོགས་	VERB
ན་	ལ་	PART
ཆོས་ཉིད་	ཆོས་ཉིད་	NOUN
ལ་	ལ་	PART
། །		PUNCT
གནས་	གནས་	NOUN
ཤ་	ཤ་	VERB
གྲོལ་བ་	གྲོལ་བ་	VERB
ར་	ལ་	PART
གྱུར་པ་	གྱུར་པ་	VERB
སྟེ་	སྟེ་	PART
། །		PUNCT
གསེར་	གསེར་	NOUN
གླིང་	གླིང་	NOUN
དག་	དག་	DET
ཏུ་	ལ་	PART
ཕྱིན་	ཕྱིན་	VERB
དང་	དང་	NO_POS
མཚུངས་	མཚུངས་	VERB
། ། ༈		PUNCT
སྐྱེས་བུ་	སྐྱེས་བུ་	NOUN
འི་	གི་	PART
སྲོག་རྩ་	སྲོག་རྩ་	NO_POS
བཅད་	བཅད་	VERB
གྱུར་	གྱུར་	VERB
ན་	ལ་	PART
། །		PUNCT
མིག་	མིག་	NOUN
ལ་སོགས་པ་	ལ་སོགས་པ་	NO_POS
དབང་པོ་	དབང་པོ་	NOUN
ཡི་	གི་	PART
། །		PUNCT
ཆེད་	ཆེད་	NOUN
དུ་	ལ་	PART
སྒོ་	སྒོ་	NOUN
ནི་	ནི་	NO_POS
དགག་	དགག་	VERB
མི་	མི་	PART
དགོས་	དགོས་	VERB
། །		PUNCT
དེ་བཞིན་	དེ་བཞིན་	OTHER
སེམས་ཉིད་	སེམས་ཉིད་	NOUN
རྩད་	རྩད་	NOUN
བཅད་	བཅད་	VERB
ན་	ལ་	PART
། །		PUNCT
ཆོ་	ཆོ་	NOUN
རྣམས་	རྣམས་	DET
སྟོང་པ་	སྟོང་པ་	VERB
ར་	ལ་	PART
རྟོགས་པ་	རྟོགས་པ་	VERB
ར་	ལ་	PART
འགྱུར་	འགྱུར་	VERB
། ། ༈		PUNCT
སེམས་ཉིད་	སེམས་ཉིད་	NOUN
རྩ་བ་	རྩ་བ་	NOUN
གཅོད་པ་	གཅོད་པ་	VERB
དང་	དང་	NO_POS
། །		PUNCT
ཉོན་མོངས་	ཉོན་མོངས་	NOUN
དུག་	དུག་	NOUN
ལྔ་	ལྔ་	NUM
གཅོད་པ་	གཅོད་པ་	VERB
དང་	དང་	NO_POS
། །		PUNCT
ལྟ་	ལྟ་	NOUN
མཐའ་	མཐའ་	NOUN
སྒོམ་པ་	སྒོམ་པ་	VERB
འི་	གི་	PART
འདུ་བྱེད་	འདུ་བྱེད་	NOUN
དང་	དང་	NO_POS
། །		PUNCT
སྤྱོད་པ་	སྤྱོད་པ་	VERB
ཉམས་	ཉམས་	NOUN
ང་	ང་	PRON
རེ་	རེ་	DET
དྭོགས་		NON_WORD
དང་	དང་	NO_POS
། །		PUNCT
སྙེམས་བྱེད་	སྙེམས་བྱེད་	NO_POS
ཐམས་ཅད་	ཐམས་ཅད་	DET
གཅོད་པ་	གཅོད་པ་	VERB
འི་	གི་	PART
ཕྱི་	ཕྱི་	OTHER
། །		PUNCT
ངེས་པ་	ངེས་པ་	VERB
འི་	གི་	PART
ཚིག་	ཚིག་	NOUN
ཏུ་	ལ་	PART
གཅོད་	གཅོད་	NO_POS
ཅེས་	ཅེས་	PART
བྱ་	བྱ་	VERB
། ། ༈		PUNCT
མངོན་ཞེན་	མངོན་ཞེན་	NOUN
ཆགས་སྡང་	ཆགས་སྡང་	NOUN
ཐོགས་པ་	ཐོགས་པ་	VERB
འི་	གི་	PART
བདུད་	བདུད་	NOUN
། །		PUNCT
དེ་	སྟེ་	PART
ལ་	ལ་	PART
ཅི་	ཅི་	NO_POS
ལྟ་	ལྟ་	OTHER
བཅད་	བཅད་	VERB
ཞེ་ན་	ཅེ་ན་	PART
། ། ༈		PUNCT
ཉམས་	ཉམས་	NOUN
ཅན་	ཅན་	PART
རབ་	རབ་	ADV
འབྲིང་	འབྲིང་	NOUN
ཐ་མ་	ཐ་མ་	ADJ
ཡི་	གིས་	PART
། ། ༈		PUNCT
དྲན་མེད་	དྲན་མེད་	ADJ
ངང་	ངང་	NOUN
དུ་	ལ་	PART
བཞག་པ་	བཞག་པ་	VERB
དང་	དང་	NO_POS
། ། ༈		PUNCT
དེ་	སྟེ་	PART
ལ་	ལ་	PART
གཏད་	གཏད་	VERB
དེ་	སྟེ་	PART
སྒོམ་པ་	སྒོམ་པ་	VERB
དང་	དང་	NO_POS
། ། ༈		PUNCT
བརྟག་	བརྟག་	VERB
ཅིང་	ཅིང་	PART
དཔྱད་	དཔྱད་	VERB
ལ་	ལ་	PART
གཏན་	གཏན་	NOUN
ལ་	ལ་	PART
དབབ་	དབབ་	NO_POS
། ། ༈		PUNCT
དཔེར་ན་	དཔེར་ན་	NO_POS
ནགས་ཚལ་	ནགས་ཚལ་	NOUN
འཐུག་པོ་	འཐུག་པོ་	ADJ
དང་	དང་	NO_POS
། །		PUNCT
སྟོབས་	སྟོབས་	NOUN
དང་	དང་	NO_POS
ལྡན་པ་	ལྡན་པ་	VERB
འི་	གི་	PART
སྐྱེས་བུ་	སྐྱེས་བུ་	NOUN
དང་	དང་	NO_POS
༑ །		PUNCT
སྟ་གྲི་	སྟ་གྲི་	NO_POS
རྣོན་པོ་	རྣོན་པོ་	ADJ
ཇི་བཞིན་	ཇི་བཞིན་	OTHER
ནོ་	གོ་	PART
། ། ༈		PUNCT
ལྷ་འདྲེ་	ལྷ་འདྲེ་	NOUN
འི་	གི་	PART
ཆོ་འཕྲུལ་	ཆོ་འཕྲུལ་	NOUN
སྙེམས་བྱེད་	སྙེམས་བྱེད་	NO_POS
ཅིང་	ཅིང་	PART
། །		PUNCT
ཐོགས་མེད་	ཐོགས་མེད་	PROPN
བདུད་	བདུད་	NOUN
ཅེས་བྱ་བ་	ཅེས་བྱ་བ་	NO_POS
ནི་	ནི་	NO_POS
། ། ༈		PUNCT
གཉན་	གཉན་	OTHER
ཐོག་	ཐོག་	NOUN
གཉན་	གཉན་	OTHER
དབབ་	དབབ་	NO_POS
ཤ་	ཤ་	NOUN
ཐོག་	ཐོག་	NOUN
ཏུ་	ལ་	PART
། ། ༈		PUNCT
མེ་བཙའ་	མེ་བཙའ་	NO_POS
ཨ་ན་	ཨ་ན་	NO_POS
ཚུགས་	ཚུགས་	VERB
སུ་	ལ་	PART
བཞག་	བཞག་	VERB
། ༈		PUNCT
དཀོན་མཆོག་	དཀོན་མཆོག་	NOUN
གསུམ་	གསུམ་	NUM
ལ་	ལ་	PART
སྐྱབས་	སྐྱབས་	NOUN
སུ་	ལ་	PART
འགྲོ་	འགྲོ་	VERB
། ། ༈		PUNCT
སྐར་ཆེན་	སྐར་ཆེན་	NO_POS
ཐིབས་	ཐིབས་	VERB
འོག་	འོག་	NOUN
དག་	དག་	DET
ཏུ་	ལ་	PART
གཞུག་	གཞུག་	VERB
། ༈		PUNCT
ལྷ་འདྲེ་	ལྷ་འདྲེ་	NOUN
གཉིས་	གཉིས་	NUM
ལ་ཉེ་	ལ་ཉེ་	NO_POS
རིང་	རིང་	NOUN
སྤང་	སྤང་	VERB
། ། ༈		PUNCT
གཉན་	གཉན་	OTHER
ཆེན་	ཆེན་	NO_POS
མཐའ་	མཐའ་	NOUN
ལ་	ལ་	PART
གཏད་པ་	གཏད་པ་	VERB
ར་	ལ་	PART
བྱ་	བྱ་	VERB
། ། ༈		PUNCT
གཅོད་	གཅོད་	NO_POS
ན་	ལ་	PART
ཆོད་	ཆོད་	VERB
ཚད་	ཚད་	NOUN
ཉམ་ང་	ཉམ་ང་	NOUN
བྲལ་	བྲལ་	VERB
༑ ། ༈		PUNCT
ཚ་	ཚ་	VERB
ཚད་	ཚད་	NOUN
ཆོ་འཕྲུལ་	ཆོ་འཕྲུལ་	NOUN
རང་	རང་	PRON
ཞི་བ་	ཞི་བ་	VERB
། ། ༈		PUNCT
ལྡོག་	ལྡོག་	VERB
ཚད་	ཚད་	NOUN
སྐྲག་	སྐྲག་	VERB
ཅིང་	ཅིང་	PART
བསྔངས་		NON_WORD
ན་	ནས་	PART
འབྲོ་	འབྲོ་	VERB
ས་	གིས་	PART
། ། ༈		PUNCT
མི་	མི་	PART
ལྡོག་	ལྡོག་	VERB
སྒོ་གཏན་	སྒོ་གཏན་	NOUN
ལྟ་བུ་	ལྟ་བུ་	NOUN
ནི་	ནི་	NO_POS
། ། ༈		PUNCT
སྐྲག་	སྐྲག་	VERB
ཅིང་	ཅིང་	PART
བསྔངས་		NON_WORD
ཀྱང་	ཀྱང་	PART
མི་	མི་	PART
འབྲོ་	འབྲོ་	VERB
ས་	གིས་	PART
སོ་	གོ་	PART
། ། ༈		PUNCT
ལོག་	ལོག་	VERB
ནོན་	ནོན་	VERB
གཟེར་བུ་	གཟེར་བུ་	NOUN
ལྟ་བུ་	ལྟ་བུ་	NOUN
ནི་	ནི་	NO_POS
། །		PUNCT
བཏུད་	བཏུད་	NO_POS
དེ་དེ་	དེ་དེ་	NO_POS
ལ་	ལ་	PART
ནན་ཏན་	ནན་ཏན་	NOUN
བྱ་	བྱ་	VERB
། །		PUNCT
དེ་	སྟེ་	PART
ནི་	ནི་	NO_POS
མན་ངག་	མན་ངག་	NOUN
དམ་པ་	དམ་པ་	VERB
འོ་	གོ་	PART
། ། ༈		PUNCT
གཉིས་	གཉིས་	NUM
མེད་	མེད་	VERB
ཕ་རོལ་	ཕ་རོལ་	NOUN
ཕྱིན་	ཕྱིན་	VERB
བསྒོམ་པ་	བསྒོམ་པ་	VERB
། །		PUNCT
འཇིག་རྟེན་	འཇིག་རྟེན་	NOUN
ལྷ་འདྲེ་	ལྷ་འདྲེ་	NOUN
ས་	གིས་	PART
མ་	མ་	PART
བཟོད་	བཟོད་	VERB
ན་	ནས་	PART
། །		PUNCT
ཆོ་འཕྲུལ་	ཆོ་འཕྲུལ་	NOUN
རྣམ་པ་	རྣམ་པ་	NOUN
སྣ་ཚོགས་པ་	སྣ་ཚོགས་པ་	DET
། །		PUNCT
མངོན་སུམ་	མངོན་སུམ་	NOUN
གཟི་བྱིན་	གཟི་བྱིན་	OTHER
རྨི་ལམ་	རྨི་ལམ་	NOUN
སོགས་	སོགས་	DET
༑ ། ༈		PUNCT
དེ་དག་	དེ་དག་	OTHER
ཀུན་	ཀུན་	DET
ལ་	ལ་	PART
ཉམས་	ཉམས་	NOUN
རབ་	རབ་	ADV
ཀྱིས་	གིས་	PART
། །		PUNCT
གཉིས་	གཉིས་	NUM
སུ་	ལ་	PART
མེད་པ་	མེད་པ་	VERB
འི་	གི་	PART
དོན་	དོན་	NOUN
ལ་	ལ་	PART
བཞག་	བཞག་	VERB
། ༈		PUNCT
འབྲིང་	འབྲིང་	NOUN
གིས་	གིས་	PART
དེ་	སྟེ་	PART
ལ་	ལ་	PART
གཏད་	གཏད་	VERB
དེ་	སྟེ་	PART
བསྒོམ་	བསྒོམ་	VERB
། ། ༈		PUNCT
ཐ་མ་	ཐ་མ་	ADJ
ས་	གིས་	PART
ཕུང་པོ་	ཕུང་པོ་	NOUN
གཟན་	གཟན་	NOUN
དུ་	ལ་	PART
བསྐྱུར་	བསྐྱུར་	NO_POS
། ། ༈		PUNCT
དེ་	སྟེ་	PART
རྗེས་	རྗེས་	NOUN
རིག་པ་	རིག་པ་	VERB
བློ་	བློ་	NOUN
རྟེན་	རྟེན་	NOUN
དང་	དང་	NO_POS
། །		PUNCT
བྲལ་བ་	བྲལ་བ་	VERB
འི་	གི་	PART
ཉམས་	ཉམས་	NOUN
ནི་	ནི་	NO_POS
སྐྱེ་བ་	སྐྱེ་བ་	VERB
ར་	ལ་	PART
འགྱུར་	འགྱུར་	VERB
། ། ༈		PUNCT
གཉན་ས་	གཉན་ས་	NO_POS
ར་	ལ་	PART
ཕྱིན་	ཕྱིན་	VERB
ན་	ནས་	PART
ལྷ་འདྲེ་	ལྷ་འདྲེ་	NOUN
ཡི་	གི་	PART
༑ །		PUNCT
གཟི་བྱིན་	གཟི་བྱིན་	OTHER
བྱུང་	བྱུང་	VERB
ན་	ལ་	PART
བེམ་རིག་	བེམ་རིག་	NOUN
ཕྲལ་	ཕྲལ་	NO_POS
། ། ༈		PUNCT
ལུས་	ལུས་	NOUN
འདི་	འདི་	DET
བེམ་པོ་	བེམ་པོ་	NOUN
རྡོ་བ་	རྡོ་བ་	NOUN
འདྲ་	འདྲ་	VERB
། །		PUNCT
དེ་	སྟེ་	PART
ལ་	ལ་	PART
གནོད་པ་	གནོད་པ་	VERB
ར་	ལ་	PART
མི་	མི་	PART
འགྱུར་	འགྱུར་	VERB
རོ་	རོ་	NOUN
། ། ༈		PUNCT
སེམས་	སེམས་	NOUN
ནི་	ནི་	NO_POS
དངོས་མེད་	དངོས་མེད་	NOUN
ནམ་མཁའ་	ནམ་མཁའ་	NOUN
འདྲ་	འདྲ་	VERB
། །		PUNCT
དེ་	སྟེ་	PART
ལ་	ལ་	PART
སུ་	སུ་	ADP
ས་	གིས་	PART
གནོད་	གནོད་	VERB
སུ་	ལ་	PART
ལ་	ལ་	PART
གནོད་	གནོད་	VERB
། །		PUNCT
དེ་ལྟ་	དེ་ལྟ་	NO_POS
བསམས་	བསམས་	VERB
ཏེ་	སྟེ་	PART
ཆོས་ཉིད་	ཆོས་ཉིད་	NOUN
ལ་	ལ་	PART
། །		PUNCT
ཉམ་ང་	ཉམ་ང་	NOUN
བག་ཚ་	བག་ཚ་	NOUN
མེད་པ་	མེད་པ་	VERB
ར་	ལ་	PART
བཞག་	བཞག་	VERB
།		PUNCT
ལྷ་འདྲེ་	ལྷ་འདྲེ་	NOUN
ས་	གིས་	PART
རང་	རང་	PRON
ལུས་	ལུས་	NOUN
བེམ་པོ་	བེམ་པོ་	NOUN
འདི་	འདི་	DET
༑ །		PUNCT
ཁྱེ་	ཁྱེ་	VERB
ན་	ནས་	PART
སོང་བ་	སོང་བ་	VERB
སྙམ་	སྙམ་	VERB
བྱེད་	བྱེད་	VERB
ཀྱང་	ཀྱང་	PART
། །		PUNCT
སྔ་	སྔ་	NOUN
གྱི་	གི་	PART
ས་ལས་	ས་ལས་	NO_POS
མ་	མ་	PART
འགུལ་བ་	འགུལ་བ་	VERB
ས་	གིས་	PART
། །		PUNCT
གང་	གང་	NO_POS
ལ་	ལ་	ADP
འང་	ཀྱང་	PART
ཉམ་ང་	ཉམ་ང་	NOUN
མི་	མི་	PART
བྱ་	བྱ་	VERB
འོ་	གོ་	PART
། ། ༈		PUNCT
རྣམ་པ་	རྣམ་པ་	NOUN
ར་	ལ་	PART
རྟོག་པ་	རྟོག་པ་	VERB
གང་	གང་	NO_POS
སྐྱེ་	སྐྱེ་	VERB
བདུད་	བདུད་	NOUN
༑ །		PUNCT
དེ་	སྟེ་	PART
ནི་	ནི་	NO_POS
རང་	རང་	PRON
གི་	གི་	PART
སེམས་ལས་	སེམས་ལས་	NOUN
བྱུང་	བྱུང་	VERB
། །		PUNCT
སེམས་	སེམས་	NOUN
ལ་	ལ་	PART
བྱུང་	བྱུང་	VERB
ས་གནས་	ས་གནས་	OTHER
ས་	ས་	ADP
དང་	དང་	NO_POS
། །		PUNCT
འགྲོ་ས་	འགྲོ་ས་	VERB
གྲུབ་པ་	གྲུབ་པ་	VERB
རྡུལ་	རྡུལ་	NOUN
ཙམ་	ཙམ་	DET
མེད་	མེད་	VERB
། །		PUNCT
གྲོལ་	གྲོལ་	VERB
ན་	ནས་	PART
སངས་རྒྱས་	སངས་རྒྱས་	NOUN
འབྱུང་	འབྱུང་	VERB
མི་	མི་	PART
འགྱུར་	འགྱུར་	VERB
༑ །		PUNCT
འཁྲུལ་	འཁྲུལ་	NO_POS
ན་	ནས་	PART
འཁོར་བ་	འཁོར་བ་	NOUN
ར་	ལ་	PART
འཁྱམ་	འཁྱམ་	NO_POS
མི་	མི་	PART
སྲིད་	སྲིད་	NOUN
། ། ༈		PUNCT
དགེ་སྡིག་	དགེ་སྡིག་	NOUN
ལ་	ལ་	ADP
ས་	གིས་	PART
ཀུན་	ཀུན་	DET
རྣམ་པ་	རྣམ་པ་	NOUN
ར་	ལ་	PART
དག་	དག་	DET
།		PUNCT
ཡེ་	ཡེ་	ADV
དག་	དག་	DET
ཡེ་གྲོལ་	ཡེ་གྲོལ་	NO_POS
ཡེ་	ཡེ་	ADV
སངས་རྒྱས་	སངས་རྒྱས་	NOUN
། ། ༈		PUNCT
སྡིག་	སྡིག་	NOUN
ལ་	ལ་	PART
མི་	མི་	PART
འཛེམ་	འཛེམ་	NO_POS
གོལ་ས་	གོལ་ས་	VERB
ཡིན་	ཡིན་	NO_POS
། ། ༈		PUNCT
གྲུབ་པ་	གྲུབ་པ་	VERB
འི་	གི་	PART
མཐའ་	མཐའ་	NOUN
ཞེན་	ཞེན་	VERB
སྒྲིབ་པ་	སྒྲིབ་པ་	VERB
ཡིན་	ཡིན་	NO_POS
། ། ༈		PUNCT
གཉིས་	གཉིས་	NUM
མེད་	མེད་	VERB
རང་གྲོལ་	རང་གྲོལ་	NOUN
གནས་ལུགས་	གནས་ལུགས་	VERB
ཡིན་	ཡིན་	NO_POS
། ། ༈		PUNCT
ཆོས་ཉིད་	ཆོས་ཉིད་	NOUN
ངང་	ངང་	NOUN
ལ་	ལ་	ADP
ས་	གིས་	PART
སྐྱབས་འགྲོ་	སྐྱབས་འགྲོ་	OTHER
དང་	དང་	NO_POS
། ། ༈		PUNCT
སེམས་བསྐྱེད་	སེམས་བསྐྱེད་	NOUN
གསོལ་བ་	གསོལ་བ་	VERB
གདབ་པ་	གདབ་པ་	VERB
ར་	ལ་	PART
བྱ་	བྱ་	VERB
། ། ༈		PUNCT
རང་	རང་	PRON
ལ་བ་	ལ་བ་	NOUN
ར་	ལ་	PART
ཆད་	ཆད་	VERB
བྱུང་བ་	བྱུང་བ་	VERB
ན་	ལ་	PART
། །		PUNCT
གཉན་ས་	གཉན་ས་	NO_POS
ར་	ལ་	PART
ཕྱིན་	ཕྱིན་	VERB
ལ་	ལ་	PART
གཉིས་	གཉིས་	NUM
མེད་	མེད་	VERB
བསྒོམ་	བསྒོམ་	VERB
༑ ། ༈		PUNCT
སེམས་ཅན་	སེམས་ཅན་	NOUN
གཞན་	གཞན་	DET
ལ་	ལ་	PART
ཕན་	ཕན་	NOUN
འདོགས་	འདོགས་	VERB
ན་	ལ་	PART
། །		PUNCT
སྙིང་རྗེ་	སྙིང་རྗེ་	NOUN
སྔོན་	སྔོན་	ADV
དུ་	ལ་	PART
འགྲོ་བ་	འགྲོ་བ་	VERB
ཡི་	གིས་	PART
། །		PUNCT
བདག་	བདག་	PRON
དང་	དང་	NO_POS
ནད་པ་	ནད་པ་	NOUN
གདོན་	གདོན་	NOUN
དང་	དང་	NO_POS
ནད་	ནད་	NOUN
། །		PUNCT
ཐམས་ཅད་	ཐམས་ཅད་	DET
སྟོང་པ་	སྟོང་པ་	VERB
ར་	ལ་	PART
ཤེས་བྱ་	ཤེས་བྱ་	VERB
ས་	གིས་	PART
ལ་	ལ་	PART
། །		PUNCT
ཆག་ཆག་	ཆག་ཆག་	NOUN
བྱ་	བྱ་	VERB
ཞིང་	ཅིང་	PART
སྟོང་ཉིད་	སྟོང་ཉིད་	NOUN
བསྒོམ་	བསྒོམ་	VERB
། །		PUNCT
མགོ་བོ་	མགོ་བོ་	NOUN
གཏད་	གཏད་	VERB
ལ་	ལ་	PART
ཉལ་པ་	ཉལ་པ་	NO_POS
ར་	ལ་	PART
བྱ་	བྱ་	VERB
། ། ༈		PUNCT
དེ་	དེ་	DET
ས་	གིས་	PART
ཀྱང་	ཀྱང་	PART
ཞི་བ་	ཞི་བ་	VERB
ར་	ལ་	PART
མ་	མ་	PART
གྱུར་	གྱུར་	VERB
ན་	ལ་	PART
། །		PUNCT
གཉན་ས་	གཉན་ས་	NO_POS
ར་	ལ་	PART
སྐྱབས་འགྲོ་	སྐྱབས་འགྲོ་	OTHER
སེམས་བསྐྱེད་	སེམས་བསྐྱེད་	NOUN
བྱ་	བྱ་	VERB
། །		PUNCT
ལན་	ལན་	NOUN
གསུམ་	གསུམ་	NUM
འགོང་	འགོང་	NO_POS
ལ་	ལ་	PART
མཐའ་བྲལ་	མཐའ་བྲལ་	NOUN
བསྒོམ་	བསྒོམ་	VERB
། །		PUNCT
མཎྜལ་		NON_WORD
བཅའ་	བཅའ་	VERB
ལ་	ལ་	PART
ཤིང་བུ་	ཤིང་བུ་	NO_POS
དང་	དང་	NO_POS
། །		PUNCT
རྡེལ་བུ་	རྡེལ་བུ་	NO_POS
ས་	གིས་	PART
བྱིན་རླབས་	བྱིན་རླབས་	NOUN
བྱ་	བྱ་	VERB
ལ་	ལ་	PART
བསྐུར་	བསྐུར་	NO_POS
། ། ༈		PUNCT
སྟེང་	སྟེང་	NOUN
གི་	གི་	PART
ལྷ་	ལྷ་	NOUN
རྣམས་	རྣམས་	DET
དམ་	གམ་	PART
ལ་	ལ་	PART
ཐོགས་	ཐོགས་	VERB
། །		PUNCT
འོག་	འོག་	NOUN
གི་	གི་	PART
ཀླུ་	ཀླུ་	NOUN
རྣམས་	རྣམས་	DET
ཟིལ་	ཟིལ་	NOUN
གྱིས་	གིས་	PART
གནོན་	གནོན་	VERB
། །		PUNCT
ཀླུ་	ཀླུ་	NOUN
ལ་	ལ་	PART
གང་	གང་	NO_POS
བཅོལ་	བཅོལ་	NO_POS
ལ་	ལ་	ADP
ས་	གིས་	PART
ཀུན་	ཀུན་	DET
འགྲུབ་	འགྲུབ་	VERB
། །		PUNCT
ལྷ་	ལྷ་	NOUN
རྣམས་	རྣམས་	DET
རང་ས་	རང་ས་	OTHER
ན་	ནས་	PART
གྲོག་	གྲོག་	NOUN
བྱེད་	བྱེད་	VERB
། །		PUNCT
ཀླུ་	ཀླུ་	NOUN
རྣམས་	རྣམས་	DET
མ་	མ་	PART
ལུས་	ལུས་	NOUN
བྲན་	བྲན་	NOUN
དུ་	ལ་	PART
ཁོལ་	ཁོལ་	OTHER
། །		PUNCT
བླ་མ་	བླ་མ་	NOUN
ཡི་དམ་	ཡི་དམ་	NOUN
མཁའ་འགྲོ་	མཁའ་འགྲོ་	NOUN
དང་	དང་	NO_POS
། །		PUNCT
ཆོས་སྐྱོང་	ཆོས་སྐྱོང་	NOUN
རྣམས་	རྣམས་	DET
ཀྱིས་	གིས་	PART
བུ་	བུ་	NOUN
ལྟ་	ལྟ་	OTHER
འཚོ་	འཚོ་	VERB
། ། ༈		PUNCT
ཐོགས་བཅས་	ཐོགས་བཅས་	NO_POS
བདུད་	བདུད་	NOUN
ལ་	ལ་	PART
ཆོད་པ་	ཆོད་པ་	VERB
ས་	གིས་	PART
ནི་	ནི་	NO_POS
། །		PUNCT
སྣང་བ་	སྣང་བ་	VERB
དགྲ་	དགྲ་	NOUN
ར་	ལ་	PART
ནི་	ནི་	NO_POS
ལང་	ལང་	NO_POS
མི་	མི་	PART
འགྱུར་	འགྱུར་	VERB
། །		PUNCT
ཐོགས་མེད་	ཐོགས་མེད་	PROPN
བདུད་	བདུད་	NOUN
ལ་	ལ་	PART
ཆོད་པ་	ཆོད་པ་	VERB
ས་	གིས་	PART
ནི་	ནི་	NO_POS
། །		PUNCT
གནོད་སྦྱིན་	གནོད་སྦྱིན་	NOUN
ཕོ་མོ་	ཕོ་མོ་	NOUN
དམ་	གམ་	PART
ལ་	ལ་	PART
ཐོགས་	ཐོགས་	VERB
། ། ༈		PUNCT
དེ་	སྟེ་	PART
ལ་སོགས་པ་	ལ་སོགས་པ་	NO_POS
འི་	གི་	PART
ཡན་ལག་	ཡན་ལག་	NOUN
ནི་	ནི་	NO_POS
། །		PUNCT
དཔག་	དཔག་	VERB
ཏུ་	ལ་	PART
མེད་པ་	མེད་པ་	VERB
འབྱུང་བ་	འབྱུང་བ་	VERB
ར་	ལ་	PART
གསུངས་	གསུངས་	VERB
། །		PUNCT
ཤེས་རབ་	ཤེས་རབ་	NOUN
ཀྱི་	གི་	PART
ཕ་རོལ་	ཕ་རོལ་	NOUN
ཏུ་	ལ་	PART
ཕྱིན་པ་	ཕྱིན་པ་	VERB
འི་	གི་	PART
མན་ངག་	མན་ངག་	NOUN
གི་	གི་	PART
གཞུང་	གཞུང་	NOUN
ཚིགས་བཅད་	ཚིགས་བཅད་	NOUN
ཆེན་	ཆེན་	NO_POS
མོ་	གོ་	PART
ཞེ་	ཅེས་	PART
བྱ་བ་	བྱ་བ་	VERB
བྲམ་ཟེ་	བྲམ་ཟེ་	NOUN
ཨཱརྻ་		NON_WORD
དེ་བ་	དེ་བ་	OTHER
ས་	གིས་	PART
མཛད་པ་	མཛད་པ་	VERB
རྫོགས་	རྫོགས་	VERB
སོ་	གོ་	PART
༑ །		PUNCT
རྒྱ་གར་	རྒྱ་གར་	PROPN
གྱི་	གི་	PART
པཎྜི་ཏ་	པཎྜི་ཏ་	NOUN
དམ་པ་	དམ་པ་	VERB
རིན་པོ་ཆེ་	རིན་པོ་ཆེ་	ADJ
ས་	གིས་	PART
སྒྲ་	སྒྲ་	NOUN
རང་	རང་	PRON
འགྱུར་	འགྱུར་	VERB
དུ་	ལ་	PART
བསྒྱུར་པ་	བསྒྱུར་པ་	VERB
ལ་	ལ་	ADP
ས་	གིས་	PART
།		PUNCT
ཞྭ་	ཞྭ་	NO_POS
མ་ལོ་	མ་ལོ་	NO_POS
ཙ་	ཙ་	NOUN
བ་	བ་	ADP
དིང་རི་	དིང་རི་	PROPN
མཁན་པ་	མཁན་པ་	NO_POS
འི་	གི་	PART
ཁྲོད་	ཁྲོད་	NOUN
དུ་	ལ་	PART
ཞུ་	ཞུ་	VERB
ཏེ་	སྟེ་	PART
གཏན་	གཏན་	NOUN
ལ་	ལ་	PART
ཕབ་པ་	ཕབ་པ་	VERB
འོ་	གོ་	PART
།། །།		PUNCT
